{
  "input_directory": "../../output-cn",
  "total_sessions": 10,
  "total_tokens": 38456,
  "vocabulary_size": 940,
  "diversity_metrics": {
    "Distinct-1": 0.024443519866860827,
    "Distinct-2": 0.22725381053945795,
    "Distinct-3": 0.44697679259027995,
    "EAD": 1.0
  }
}